,Интересы,Фильмы,Книги,Музыка,Хобби,Пол,Все интересы,Кол-во интересов
3298830,sql титан аудиокниги аниме,хэппиэнд,мертвый_инквизитор,продиджи линда наутилус_пампилус,веосипед ролики плавание,1,sql титан аудиокниги аниме веосипед ролики плавание,7
30754251,барабаны итальянский_язык музыка опера устойчивое_развитие искусство,девушка_подающая_надежды,благоволительницы,pj_harvey tyler_the_creator massive_attack mujuice nick_cave ушко сбпч интурист nina_simone kate_nv king_krule four_tet prince avramova lianne_la_havas гш,звукозапись,0,барабаны итальянский_язык музыка опера устойчивое_развитие искусство звукозапись,7
44192244,книги рисование бег шахматы кофе,,американская_трагедия,,рисовать,0,чтение рисование бег шахматы кофе,5
52143323,музыка создание_музыки программирование спорт спортзал психология игры warzone call_of_duty,четыре_комнаты,женщины,кровосток лсп мумий_тролль boulevard_depo atori_zoom,музыка,1,музыка создание_музыки программирование спорт спортзал психология компьютерные_игры warzone call_of_duty,9
77964922,путешествия туризм бизнес,достать_ножи,роковая_кукла,ддт queen нау,путешествия,,путешествия туризм бизнес,3
84165434,хардкор сатанизм кандаулезизм,груз_200,120_дней_содома,gorgoroth mayhem deicide,таксидермией,1,хардкор сатанизм кандаулезизм таксидермией,4
85774412,путешествия горные_лыжи дизайн чтение кино живопись ролики велосипед психология,силиконовая_долина джентельмены im_sorry,марсианские_хроники половина_желтого_солнца радость_изнутри пятница_или_тихоокеанский_лимб,system_of_a_down radiohead queen cypress_hill,дизайн рисование,0,путешествия горные_лыжи дизайн чтение фильмы живопись ролики велосипед психология рисование,10
96364026,дети управление_знаниями путешествия_по_россии,дикие_истории,текст,system_of_a_down rammstein кино,рисование_эпоксидной_смолой,0,дети управление_знаниями путешествия_по_россии рисование_эпоксидной_смолой,4
106890293,компьютерный_игры программирование кулинария психология,шерлок_холмс,тонкое_искуство_пофигизма,gorillaz mgmt blaze noize_mc би2 red_hot_chilli_peppers,путешествия,1,компьютерный_игры программирование кулинария психология путешествия,5
107809685,работа программирование пайка гейминг авто,довод,путь_к_финансовой_свободе,radio_tapok ai_mori scriptonite,пайка,1,работа программирование пайка гейминг автомобили,5
107847055,программирование музыка книги,райя_и_последний_дракон,гарри_поттер_и_методы_рационального_мышления,louna земфира ed_sheeran,интересным,1,программирование музыка чтение интересным,4
113137554,чтение путешествия кулинария,хористы,валентин_пикуль_три_возраста_окинисан,воскресенье машина_времени scorpions,вышивать,0,чтение путешествия кулинария вышивать,4
123686708,книги рокконцерты путешествия медитация,душа,биология_добра_и_зла,system_of_a_down shinedown marilyn_manson rolling_stones,рисование,0,чтение рокконцерты путешествия медитация рисование,5
128880630,фэнтези зож путешествия,,богатый_папа_бедный_папа,король_и_шут пикник rammstein,путешествия,0,фэнтези зож путешествия,3
132524162,автомобили путешествия музыка,хористы чернобыль,дюна благие_знамения,zhu asking_alexandria ляпис_трубецкой,игра_на_музинструменте,0,автомобили путешествия музыка игра_на_музинструменте,4
138927944,парные_танцы фильмы компьютерные_игры,держи_ритм,,,,,парные_танцы фильмы компьютерные_игры,3
139888107,фигурное_катание бег сериалы кино,ищу_друга_на_конец_света,конец_вечности,алоэвера noizemc монеточка cardi_b nicki_minaj annenmaykantereit,танцы,0,фигурное_катание бег сериалы фильмы,4
140945589,кино игры музыка,,маги_без_времени,tiesto phaxe queen,обработка_дерева,1,фильмы компьютерные_игры музыка обработка_дерева,4
143863616,компьютерные_игры пиво программирование java,первому_игроку_приготовиться сталкер чужие,идиот война_и_мир отверженные,металлика iron_maiden сектор_газа,,1,компьютерные_игры пиво программирование java,4
175420289,путешествия автопутешествия велосипед программирование оптимизация сериалы,родные,progit,big_russian_boss coldplay the_xx glass_animals paper_route iann_dior labirinth zendaya,спортивное_программирование,1,путешествия автопутешествия велосипед программирование оптимизация сериалы спортивное_программирование,7
178837484,аниме музыка программирование винил старая_техника,paul,червь,mili сны_саламандры gorillaz tardigrade_inferno,шахматы,,аниме музыка программирование винил старая_техника шахматы,6
178861260,рукоделие фильмы сериалы чтение,майор_гром_чумной_доктор,унесенный_ветром_охота_на_маску,fpg мельница операция_пластилин maximum_the_hormone король_и_шут трувер,стриминг_игр,0,рукоделие фильмы сериалы чтение стриминг_игр,5
180544747,фильмы люди покупки,пила,чак_паланик,рамштайн,лепка_из_глины,0,фильмы люди покупки лепка_из_глины,4
184074826,бадминтон картинг мафия,,менеджер_мафии,rippingtons fourplay инкогнито пикник alexander_abreu fclan timbalive children_of_bodom,,1,бадминтон гонки мафия,3
188101674,литература кулинария бадминтон инвестиции баня яхтинг дом собаки стартапы коучинг рестораны йога иудаизм театр,земля_кочевников,лавр,gregory_porter zemfira coldplay james_blake franc_ocean kovacs,скалолазание,0,чтение кулинария бадминтон инвестиции баня яхтинг дом собаки стартапы коучинг рестораны йога иудаизм театр скалолазание,15
190402827,,,,,,1,,0
192155422,путешествия автомобили девушки,бумажный_дом,акулы_из_стали,ария алиса чайф наутилус tiamat blind_guardian lake_of_tears manowar metallica pink_floyd apocalyptica,кендо,1,путешествия автомобили девушки кендо,4
195780931,яхты театральная_студия походы шахматы цигун чтение_развивающей_литературы дизайн_интерьеров психология,во_власти_стихии,антихрупкость аркада,зимовье_зверей billy's_band tom_waits хелависа_мельница высоцкий franz_ferdinand led_zeppelin разные_люди полковник_и_однополчане too_many_zooz zaz бумбокс бобры deep_purple blackmore's_night башлачев lucky_chops ado василий_к чиж_и_ко,писать_книги,1,яхты театральная_студия походы шахматы цигун чтение_развивающей_литературы дизайн_интерьеров психология писать_книги,9
196776035,психология кино кулинария шитье,сериал_дрянь,французские_дети_не_плюются_едой,агата_кристи muse одно_но,научиться_красиво_шить,0,психология фильмы кулинария шитье научиться_красиво_шить,5
204339170,видеоигры охота спорт,,степной_волк,biting_elbows brock_berrigan vsn7,художественная_резьба_по_дереву,1,видеоигры охота спорт художественная_резьба_по_дереву,4
206408920,гири работа вино,кавказская_пленница,год_личной_эффективности,достали,бег,0,гири работа вино бег,4
209077883,путешествия покер бег стратегические_компьютерные_игры кулинария свой_бар,душа джентльмены,серия_книг_страж_алексея_пехова продавец_обуви_история_компании_nike серия_книг_ведьмак_анджея_сапковского,любая_музыка_из_подборки_музыка_дня_яндекс_музыки,плаваньем,1,путешествия покер бег стратегические_компьютерные_игры кулинария свой_бар плаваньем,7
210993200,кино музыка путешествия программирование книги тату,властелин_колец,о_мышах_и_людях,system_of_a_down muse massive_attack,эстрадный_вокал,0,фильмы музыка путешествия программирование чтение тату эстрадный_вокал,7
210995781,рок гранж бизнес триз системная_инженерия лазеры лазерная_техника квадрокоптеры альпина,джентльмены,разработка_бизнес_требований_к_программному_обеспечению,nirvana pearl_jam soundgarden ozzy_osborne queen green_day тараканы,робототехника,1,рок гранж бизнес триз системная_инженерия лазеры лазерная_техника квадрокоптеры альпина робототехника,10
214687123,гитара фильмы стендап,ещё_по_одной,голодные_игры,кино земфира miley_cyrus ariana_grande arctic_monkeys kasabian weeknd,стендап,,гитара фильмы стендап,3
223247107,коты видеоигры коты,майор_гром,,saint_phnx grandson theory_of_a_deadman missio corpse imagine_dragons pvris two_feet lana_del_rey joywave the_score milky_chance siames,рисовать,,коты видеоигры рисование,3
233347698,world_of_warcraft английский_язык похудение зож прогулки_с_детьми детский_сад фэнтези системное_мышление головоломки,,в_ту_же_реку,ария пикник xandria epica within_temptation,фитнес,0,world_of_warcraft английский_язык похудение зож прогулки_с_детьми детский_сад фэнтези системное_мышление головоломки фитнес,10
235028070,фотография дизайн ролики,подольские_курсанты,богачбедняк,би2 seafret zayn,путешествия,0,фотография дизайн ролики путешествия,4
236449032,книги музыка игры,райя_и_последний_дракон,дж_кристофф_темный_рассвет,our_last_night ours_samplus linkin_park,,1,чтение музыка компьютерные_игры,3
236879340,книги музыка вязание,,вдовий_пароход,,аэройога,0,чтение музыка вязание аэройога,4
237699987,аниме программирование муравьиные_фермы,во_всё_тяжкое,ведьмак_башня_ласточки,linkin_park король_и_шут hiroyuki_sawano hollywood_undead myth_&_roid the_qemist skillet,играть_на_фортепиано,1,аниме программирование муравьиные_фермы играть_на_фортепиано,4
240495206,общение еда сон,криминальное_чтиво,братья_каромазовы,,велосипед,0,общение еда сон велосипед,4
243398077,финансы путешествия фотография нейронные_сети искусственный_интеллект астрономия космос,пассажиры,сердце_машины,indila hollywood_undead lafee,оригами,1,финансы путешествия фотография нейронные_сети искусственный_интеллект астрономия космос оригами,8
246123502,игры фильмы сериалы,довод,,,,1,компьютерные_игры фильмы сериалы,3
247919058,,довод,,30_seconds_to_mars system_of_a_down nightwish,рыбалка,1,рыбалка,1
247971637,,обнажды_в_голливуде,ни_сы_будь_уверен_в_своих_силах_и_не_позволяй_сомнениям_мешать_тебе_двигаться_впере,каста баста pink,,0,,0
252259775,кино плавание походы,зеленая_книга,,мы лсп скриптонит,альпинизм,1,фильмы плавание походы альпинизм,4
259523233,,,,,,1,,0
259546844,трофи сноуборд микроэлектроника авто,безумный_макс,,metallica киш слот estas_tonne чёрный_обелиск armin_van_buuren пикник lumen ария within_temptation oomph guano_apes linkin_park,кайтингом,1,трофи сноуборд микроэлектроника автомобили кайтингом,5
262874826,компьютерные_игры настольные_игры норвежская_музыка аниме,достать_ножи,стража_стража,lumen wardrana danheim,покраска_миниатюрок_для_варгеймов,1,компьютерные_игры настольные_игры норвежская_музыка аниме покраска_миниатюрок_для_варгеймов,5
263754501,фотография кино музыка,,шантарам,twenty_one_pilots земфира cigarettes_after_sex,рисование,0,фотография фильмы музыка рисование,4
273702666,,райя_и_последний_дракон,ведьмак_владычица_озера,рок поп_и_рокнролл,скалолазание,1,скалолазание,1
274167683,фильмы путешествия интересные_места,миллионер_из_трущоб дьявол_в_деталях дом_с_прислугой,,rammstein heilung kaleo би2 louna hans_zimmer,,0,фильмы путешествия интересные_места,3
281489604,дайвинг виндсерфинг фильмы музыка горные_лыжи,грейхаунд,,queen boney_m elton_john,инвестирование,1,дайвинг виндсерфинг фильмы музыка горные_лыжи инвестирование,6
290620577,все_любят_котиков путешествия чтение,довод,дюна_френк_герберт,nothing_but_thieves a_perfect_circle rag'n'bone_man,плавание,0,все_любят_котиков путешествия чтение плавание,4
295977110,,часы,дэниел_киз_цветы_для_элджернона,marduk korpiklaani moonspell dartagnan testament powerwolf hypocrisy wardruna,написание_фанфиков,0,написание_фанфиков,1
296427966,формула1 футбол рыбалка путешествия,интерстеллар,грокаем_алгоритмы,the_offspring papa_roach rise_against,авиамоделизм,1,формула1 футбол рыбалка путешествия авиамоделизм,5
307749185,игры музыка компьютеры_сборка подбор_комплектующих т_д,властелин_колец,портрет_дориана_грея,geazy tfest prodigy linkin_park,писать_ботов,1,компьютерные_игры музыка компьютеры_сборка подбор_комплектующих т_д писать_ботов,6
311041343,технические_науки история философия,родня,чистая_архитектура,аквариум зоопарк,нумизматика,1,технические_науки история философия нумизматика,4
324410430,спорт кино аниме,отец,инферно,нирвана ред_хот_чили_пеперс кино,рисовать,,спорт фильмы аниме рисование,4
324927966,спорт музыка кино,остров_проклятых,девушка_с_татуировкой_дракона,noize_mc disturbed horus,продолжить_учиться_игре_на_гитаре,1,спорт музыка фильмы продолжить_учиться_игре_на_гитаре,4
339121220,волейбол рисование походы,невидимый_гость,граф_монтекристо,,рисование,0,волейбол рисование походы,3
341677518,it теннис горные_лыжи нейробиология настольные_игры путешествия,человек_который_изменил_всё_moneyball_2011,думай_медленно_решай_быстро,imagine_dragons hurts billy_raffoul bon_jovi scorpions,испанский_язык игра_на_барабанах боевой_вид_искусства_боксайкодо,0,it теннис горные_лыжи нейробиология настольные_игры путешествия испанский_язык игра_на_барабанах боевой_вид_искусства_боксайкодо,9
358799673,игры книги сериалы косплей косметика спорт,экстремальная_работа,первый_закон,,,0,компьютерные_игры чтение сериалы косплей косметика спорт,6
360700835,чтение спорт фильмы,майор_гром,потерянные_боги,сплин би2 scorpions,теннис,0,чтение спорт фильмы теннис,4
367848675,силовые_тренировки_в_тренажерном_зале чтение_художественной_литературы рисование,семь,чернильное_сердце,полина_гагарина валерий_меладзе руки_вверх,,0,силовые_тренировки_в_тренажерном_зале чтение_художественной_литературы рисование,3
378975263,йога шахматы фантастика,любовь_смерть_и_роботы,томас_метцингер_тоннель_эго_наука_о_мозге_и_миф_о_своем_я,аквариумбг сплин ундервуд muse queen beatles,тайцзыцюань,1,йога шахматы фантастика тайцзыцюань,4
406430326,музыка художественная_литература феминизм,фантазии_фарятьева_1982_г,мы,muse aurora веня_д'ркин,рисование,0,музыка художественная_литература феминизм рисование,4
409490439,фотографирование_на_пленку коллекционирование_винила рисование чтение ведение_блога_на_английском катание_на_лонгборде концерты,аэроплан,как_читать_ландшафты,the_feelies the_cannanes the_fall,шитье,0,фотографирование_на_пленку коллекционирование_винила рисование чтение ведение_блога_на_английском катание_на_лонгборде концерты шитье,8
419666388,музыка технологии дизайн_ногтей,,scrum,nothing_but_thieves muse years&years twentyonepilots,сноуборд,0,музыка технологии дизайн_ногтей сноуборд,4
423378636,,звездные_войны_эпизод_v_империя_наносит_ответный_удар,удушье,the_rolling_stones marilyn_manson bring_me_the_horizon,сноуборд,0,сноуборд,1
424382429,фильмы книги аналитика,марсианин огонь тренер,театр_уильям_моэм,би2 lascala баста,медитация,0,фильмы чтение аналитика медитация,4
424421553,книги путешествия растения,райя_и_последний_дракон,сёгун,,,0,чтение путешествия растения,3
429474115,концерты стретчинг фотография,ктонибудь_видел_мою_девчонку,это_норм,би2 rammstein звери placebo мумий_тролль,игра_на_барабанах,0,концерты стретчинг фотография игра_на_барабанах,4
430992723,фильмы книги кофе,никто,жутко_громко_и_запредельно_близко,порнофильмы rammstein the_hatters,рисование,0,фильмы чтение кофе рисование,4
442811370,футбол музыка видеоигры,интерстеллар,,papa_roach nirvana green_day,,1,футбол музыка видеоигры,3
446391178,большой_теннис чтение научная_фантастика оракл акварель,довод,текст,metallica system_of_a_down би_2 земфира new_politics scorpions,рисование,0,большой_теннис чтение научная_фантастика оракл акварель рисование,6
449567633,сноуборд сериалы путешествия,достать_ножи,чистый_код,rhcp prodigy system_of_down zivert,посещение_новых_мест_городов,1,сноуборд сериалы путешествия посещение_новых_мест_городов,4
451858209,книги кино спорт,стажер,незримые_гильермо_дель_торо,annenmaykantereit mary_gu майли_сайрус,чтото_связанное_со_спортом_или_танцами,0,чтение фильмы спорт чтото_связанное_со_спортом_или_танцами,4
455096688,гонки программирование игры,марсианин,вы_должно_быть_шутите_мистре_фейман,моцарт бетховен rammstain,спать,1,гонки программирование компьютерные_игры спать,4
463403241,сериалы вязание кулинария,остров_собак,краткая_история_человечества,rammstein монеточка cardi_b,,0,сериалы вязание кулинария,3
471592876,,мотылёк,великий_гетсби,,бассейн,0,бассейн,1
473957341,3d coding learning,человек_который_придумал_ложь,использование_docker_|_моуэт_эдриен,mrkitty ночные_грузчики disturbed,автогонки,1,3d coding learning автогонки,4
476049047,путешествия животные тестирование,довод капернаум ещё_по_одной,istqb_syllabus,,большой_теннис,0,путешествия животные тестирование большой_теннис,4
476281607,психология зомби велосипед,резня_команда_а_лучшее_предложение,,rammstein 30_seconds_to_mars rihanna,танцы,,психология зомби велосипед фильмы,4
500477936,спортивные_бальные_танцы большой_теннис вышивка,мастер_и_маргарита,братья_карамазовы,,катание_на_коньках,0,спортивные_бальные_танцы большой_теннис вышивка катание_на_коньках,4
500955413,кино концерты путешествия,тайна_коко,азазель,imagine_dragons dua_lipa the_beatles sia hozier onerepublic system_of_a_down muse harry_styles lana_del_rey arctic_monkeys milky_chance marina земфира fall_out_boy twenty_one_pilots florence_+_the_machine james_blunt adele coldplay skillet oh_wonder panic_at_the_disco the_neighbourhood maroon_5 ed_sheeran,играть_на_гитаре,0,фильмы концерты путешествия играть_на_гитаре,4
510530508,чтение активный_отдых компьютерные_игры,душа,gtd_getting_things_done,boris_brejcha maluns whomadewho,играть_на_клавишах,0,чтение активный_отдых компьютерные_игры играть_на_клавишах,4
518055514,чтение путешествия кулинария,довод,робин_хобб_судьба_шута,,,0,чтение путешествия кулинария,3
520707807,кондитерское_дело швейное_дело караоке,верность,библия_для_детей,дана_соколова сектор_газа artik&asti,растяжка,0,кондитерское_дело швейное_дело караоке растяжка,4
550438112,it торги законодательство,матрица,,баста ноггано нинтендо,спорт,1,it торги законодательство спорт,4
572705431,теннис ps4 путешествия ролики велосипед,мавританец,зулейха_открывает_глаза,delain нейромонах_феофан земфира гречка громыка дора флолида polnalubvi,,1,теннис ps4 путешествия ролики велосипед,5
584247033,путешествия растения кино книги музыка волейбол бадминтон животные еда фото,властелин_колец,цветы_для_элджернона,the_hatters меладзе артик_и_асти,танцами,0,путешествия растения фильмы чтение музыка волейбол бадминтон животные еда фотография,10
616360550,js мма путешествия,мистер_мерседес,американская_трагедия,би2 сплин newschool,вырезать_по_дереву,1,js мма путешествия вырезать_по_дереву,4
621882272,оригами чай сон,общество_мёртвых_поэтов,солярис,аффинаж быдлцыкл порнофильмы fleur the_retuses kodaline passenger rise_against,вокал,1,оригами чай сон вокал,4
642007062,собаки музыка вышивка,холоп,год_в_провансе,,путешествия,,собаки музыка вышивка путешествия,4
657619800,музыка работа туризм,фарго,кровь_пот_и_пиксели,koяn пневмослон ffdp oh_wonder muse the_killers,писать_музыку,1,музыка работа туризм писать_музыку,4
664795290,музыка еда языки,фильм_из_московского_планетария,упс,anderson_paak леонид_агутин пётр_ильич_чайковский,продолжить_ходить_в_спортзал,1,музыка еда языки продолжить_ходить_в_спортзал,4
667461959,книги фитнес кулинария программирование,,война_и_мир,цой галанин бутусов,,1,чтение фитнес кулинария программирование,4
682065824,компьютерные_игры бисероплетение вышивка музыка кино формула_1 аниме,ребекка,том_хэнкс_уникальный_экземпляр,megadeth testament five_finger_death_punch killing_joke rome dream_theater tool soen riverside blackpink refused slaves the_doors celldweller bjarla оргия_праведников pantera metallica slayer grip_inc enemy_of_the_sun led_zeppelin antimatter kaleo imagine_dragons ocean_jet hugo florence_+_the_machine woodkid zayde_wølf cage_the_elephant phillip_phillips pain eisbrecher the_bosshoss diablo_swing_orchestra heilung wardruna danheim eluveitie kamelot dark_moor,вокал йога,0,компьютерные_игры бисероплетение вышивка музыка фильмы формула_1 аниме вокал йога,9
692656530,игры электроника стрельба_из_лука музыка,metal_family,терри_праттчетт_стража,udo epica yousei_teikoku master_boot_record napalm_death,,1,компьютерные_игры электроника стрельба_из_лука музыка,4
696942511,музыка тату игры,душа,ведьмак,slipknot devil_driver staiticx,рисование,1,музыка тату компьютерные_игры рисование,4
703412346,путешествия автомобили театр музыка кино,довод,расскажи_мне_о_море,скриптонит oxxxymiron лсп face atl l’one andromedik pendulum markul xilent fliwo,автоспорт,1,путешествия автомобили театр музыка фильмы автоспорт,6
705023454,мотоциклы видео_игры путешествия,клаус джентельмены остров_собак,девушка_с_татуировкой_дракона,armin_van_buuren nothing_but_thieves childish_gambino,баскетбол,1,мотоциклы видео_игры путешествия баскетбол,4
794566693,программирование рисование рок книги дизайн,каникулы,чёрный_замок,skillet radio_tapok imagine_dragons apent,барабаны,0,программирование рисование рок чтение дизайн барабаны,6
800051415,лежать_на_кровати есть лежать_в_горячей_ванне,бойцовский_клуб,библия_комедии,rammstein порнофильмы lindermann,импровизация,1,лежать_на_кровати есть лежать_в_горячей_ванне импровизация,4
856083567,чтение велосипед рисование,мортал_комбат,особое_знание,дети_rave нирвана продиджи,рисовать,0,чтение велосипед рисование,3
941300622,japan_cars ufs js,брат,,kavabanga_depo_kolibri miyagi_&_andy_panda homie,катание_на_велосипеде,1,japan_cars ufs js катание_на_велосипеде,4
960519199,волейбол музыка чтение отдых_на_природе,катран,граф_монтекристо,qween наргиз 2маши modern_talking blink182 green_day,играть_на_фортепиано,0,волейбол музыка чтение отдых_на_природе играть_на_фортепиано,5
973510655,компьютерные_игры компьютерное_железо электрогитара рок металл,1917,,metallica эпидемия ария мельница сколот,моделирование,1,компьютерные_игры компьютерное_железо электрогитара рок металл моделирование,6
1067845477,православие кулинария медицина,пророк_моисей_вождьосвободитель,site_reliability_engineering,вивальди эрик_клэптон mrbig,пейнтболл,1,православие кулинария медицина пейнтболл,4
1082334476,горные_лыжи чтение_научной_фантастики фэнтези настольные_игры,морган,летос_а_пехов,сплин radio_tapok lumen кино queen bon_jovi,смотреть_сериалы_на_английском_языке,0,горные_лыжи чтение_научной_фантастики фэнтези настольные_игры смотреть_сериалы_на_английском_языке,5
1084051497,стивен_кинг кубик_рубика красное_вино велосипед,профессор_марстон_и_его_чудоженщины простая_просьба аммонит райское_озеро кладбище_домашних_животных,под_куполом,the_cranberries garbage сурганова_и_оркестр,рисовать_акварелью,0,стивен_кинг кубик_рубика красное_вино велосипед рисовать_акварелью,5
1328104819,научная_фантастика формула_1 картинг gym кино,стекло,всепоглощающий_огонь,lost_frequencies scooter calvin_harris,английский_язык,1,научная_фантастика формула_1 гонки gym фильмы английский_язык,6
1780039089,бег чтение гамбургеры,батя,экономика_всего,alpha_&_omega chopstick_dubplate tindersticks patti_smith,,1,бег чтение гамбургеры,3
